360 camera,
Fron camera,
Rear camera,
Rear traffic alert,
Self-steering systems,
Cruise control,
Adaptive Cruise Control,
ABS,
Adaptive cornering lights,
Adaptive lighting,
Air suspension,
All season tyres,
Alloy wheels,
Bi-xenon headlights,
Blind spot assist,
Central locking,
Daytime running lights,
Distance warning system,
Dynamic chassis control,
Electric tailgate,
Emergency brake assist,
Emergency tyre,
Emergency tyre repair kit,
ESP,
Fog lamps,
Folding roof,
Four wheel drive,
Glare-free high beam headlights,
Headlight washer system,
Heated windshield,
High beam assist,
Hill-start assist,
Immobilizer,
Keyless central locking,
Lane change assist,
Laser headlights,
LED headlights,
LED running lights,
Light sensor,
Night vision assist,
Panoramic roof,
Power Assisted Steering,
Rain sensor,
Roof rack,
Spare tyre,
Speed limit control system,
Sports package,
Sports suspension,
Start-stop system,
Steel wheels,
Summer tyres,
Sunroof,
Tinted windows,
Traction control,
Traffic sign recognition,
Tyre pressure monitoring,
Winter tyres,
Xenon headlights,
Trailer assist